{"search":"","showTags":false,"showAttachments":false,"hideUnresolved":false,"showOrphans":true,"showArrow":false,"textFadeMultiplier":-3,"nodeSizeMultiplier":1.59853098290598,"lineSizeMultiplier":2.02649572649573,"centerStrength":0.495726495726496,"repelStrength":12.3076923076923,"linkStrength":0.324786324786325,"linkDistance":255,"scale":1.1448158925716154}